clubname,university,countyname,cluburl,countryname
"Alderney Shooting Club",0,,,Guernsey
"COBO United Air Rifle Club",0,,www.cobo-arc.co.uk,Guernsey
"Guernsey Pistol Club",0,,https://guernseypistolclub.com,Guernsey
"Guernsey Small-bore Rifle Club",0,,,Guernsey
"North United Air Rifle Club",0,,https://www.facebook.com/North-United-Air-Rifle-Club-231806966883654/,Guernsey
"St Pierre Du Bois Air Rifle Club",0,,,Guernsey
"Leoville Sports & Miniature Rifle Club",0,,http://www.jerseylovessport.com/club/32/leoville-sports-miniature-rifle-club,Jersey
"Eastern Air Rifle Club",0,,http://www.jerseylovessport.com/club/25/eastern-air-rifle-club,Jersey
"Grouville Miniature Rifle Club",0,,http://jerseylovessport.com/club/145/grouville-minature-rifle-club,Jersey
"Jersey Air Rifle Club",0,,http://jerseylovessport.com/club/146/jersey-air-rifle-club,Jersey
"Jersey Outdoor Small-bore Rifle Club",0,,http://jerseylovessport.com/club/131/jersey-outdoor-smallbore-rifle-club,Jersey
"Jersey Pistol Club",0,,http://jerseylovessport.com/club/57/jersey-pistol-club,Jersey
"Regent Shooting Club",0,,http://jerseylovessport.com/club/169/regent-shooting-club,Jersey
"St Brelade Small-bore Rifle club",0,,http://jerseylovessport.com/club/129/st-brelade-small-bore-rifle-club,Jersey
"St John's Shooting Club",0,,http://jerseylovessport.com/club/26/st-john-s-shooting-club,Jersey
"St Lawrence Miniature Rifle Club",0,,http://jerseylovessport.com/club/23/st-lawrence-miniature-rifle-club,Jersey
"Western Miniature Rifle Club",0,,http://jerseylovessport.com/club/40/western-miniature-rifle-club,Jersey
"Isle of Man Shooting Club",0,,http://www.isleofmanshooting.com,"Isle of Man"
Sulby,0,,http://www.sulbyrifleclub.com,"Isle of Man"
Castletown,0,,http://www.castletownrifleclub.net,"Isle of Man"
Douglas,0,,http://www.douglasrifleclub.co.uk/,"Isle of Man"
"Kirk Michael",0,,,"Isle of Man"
Laxey,0,,,"Isle of Man"
"Port St Mary",0,,,"Isle of Man"
Sandsiders,0,,,"Isle of Man"
"Ballymena Rifle & Pistol Club",0,,https://www.br-pc.co.uk,"Northern Ireland"
"Comber Rifle Club",0,,https://comberrc.com,"Northern Ireland"
"Downshire Rifle Club",0,,http://www.downshirerifleclub.com/,"Northern Ireland"
"East Antrim Rifle and Pistol Club",0,,http://earpc.co.uk,"Northern Ireland"
"Leopold Street Rifle Club",0,,,"Northern Ireland"
"Newtownards Shooting Club",0,,http://www.newtownardsshootingclub.co.uk,"Northern Ireland"
"Kirlish Rifle & Pistol Club",0,,https://www.kirlishrpc.co.uk,"Northern Ireland"
"Dungannon Rifle & Pistol Club",0,,http://www.dungannon.org.uk,"Northern Ireland"
"Dunnyboe Rifle and Pistol Target Club",0,,https://www.facebook.com/pages/Dunnyboe-Rifle-and-Pistol-Target-Club/202883396496112,"Northern Ireland"
"Kells Rifle & Pistol Club",0,,http://kellsrpc.com,"Northern Ireland"
"Sheboygan Rifle And Pistol Club",0,,https://www.sheboyganrifleandpistol.club,"Northern Ireland"
"Tondu Target Shooting Club",0,"South Wales and Monmouthshire",http://www.tondushooting.org.uk,Wales
"Cardiff University Rifle Club",1,"South Wales and Monmouthshire",https://www.cardiffstudents.com/activities/sport/rifle,Wales
"Penarth Rifle Club",0,"South Wales and Monmouthshire",https://www.facebook.com/riflepenarth,Wales
"Barry Air Target Club",0,"South Wales and Monmouthshire",http://www.lshaventargetclub.btck.co.uk,Wales
"Castleton Air Target Club",0,"South Wales and Monmouthshire",https://www.facebook.com/CastletonFieldTargetClub,Wales
"Chepstow Rifle Club",0,"South Wales and Monmouthshire",http://chepstowrifleclub.org.uk,Wales
"Cardiff Bay Air Target Club",0,"South Wales and Monmouthshire",https://www.facebook.com/Cardiff-Bay-Air-Target-Club-194111510941268/,Wales
"Swansea Rifle Club",0,"South Wales and Monmouthshire",http://www.swansearifleclub.co.uk,Wales
"Swansea University Rifle Club",1,"South Wales and Monmouthshire",https://www.swansea-union.co.uk/activities/club/Rifle,Wales
"Haverfordwest Target Shooting Club",0,"South Wales and Monmouthshire",http://www.haverfordwestshootingclub.org.uk,Wales
"Monmouth & District Rifle Club",0,"South Wales and Monmouthshire",https://monmouthrifleclub.co.uk,Wales
"Dragon Rifle Club",0,"South Wales and Monmouthshire",,Wales
"Torfaen Small Bore Rifle Club",0,"South Wales and Monmouthshire",https://www.torfaensmallborerifleclub.com,Wales
"Wats Dyke Rifle Club",0,"South Wales and Monmouthshire",,Wales
"Prestatyn RBL Rifle and Air Weapons Club",0,"South Wales and Monmouthshire",,Wales
"Flexsys Rifle and Pistol Club",0,"North Wales",https://flexsysrpc.weebly.com/,Wales
"Wrexham & District Rifle & Pistol Club",0,"North Wales",,Wales
"Llandudno and Colwyn Bay Marksmen",0,"North Wales",http://lcbmarksmen.co.uk,Wales
"Penrhiwpal Shooting Club",0,"South Wales and Monmouthshire",http://www.penrhiwpalshooting.co.uk,Wales
"Aberdeen University Rifle Club",1,Aberdeenshire,https://www.facebook.com/ABDNRifle,Scotland
"Bon Accord Smallbore Rifle Club",0,Aberdeenshire,http://www.bonaccord.org.uk,Scotland
"Durris Smallbore Rifle Club",0,Aberdeenshire,,Scotland
"Ellon Small-bore Rifle Club",0,Aberdeenshire,,Scotland
"Huntly Smallbore Rifle Club",0,Aberdeenshire,http://www.huntly.net/community/groups/details.php?name=Huntly+Small+Bore+Rifle+Club,Scotland
"Portlethen Smallbore Rifle Club",0,Aberdeenshire,http://www.freewebs.com/psrc/,Scotland
"Halkirk Smallbore Rifle Club",0,Caithness,https://sport.caithness.org/group.php?id=109,Scotland
"Pentland Rifle Club",0,Caithness,http://www.csbra.org.uk/pentland-rifle-club.html,Scotland
"Wick Old Stagers Rifle Club",0,Caithness,http://www.csbra.org.uk/wick-old-stagers.html,Scotland
"Keiss Smallbore Rifle Club",0,Caithness,https://sport.caithness.org/group.php?id=110,Scotland
"Stirkoke Rifle Club",0,Caithness,,Scotland
"Watten Rifle Club",0,Caithness,,Scotland
"Westfield Rifle Club",0,Caithness,,Scotland
"Canisbay Rifle Club",0,Caithness,,Scotland
"Alloa and District Rifle Club",0,"Forth and Clyde",https://www.facebook.com/alloaanddistrictrc,Scotland
"Bearsden & District Rifle & Pistol Club",0,"Forth and Clyde",http://bearsdenrifleclub.co.uk,Scotland
"Bridge of Allan & Stirling Rifle Club",0,"Forth and Clyde",http://www.boa22.co.uk,Scotland
"Dechmont Air Rifle & Pistol Club",0,"Forth and Clyde",http://dechmontarpc.co.uk,Scotland
"Greenock & District Rifle Club",0,"Forth and Clyde",,Scotland
"Lanark & District Ex-Servicemens Rifle Club",0,"Forth and Clyde",https://www.lanark.co.uk/things-do/clubs-societies/lanark-district-esm-rifle-club,Scotland
"Larbert & District Miniature Rifle Club",0,"Forth and Clyde",,Scotland
"Larkhall Rifle Club",0,"Forth and Clyde",,Scotland
"Balerno & Currie Rifle Club",0,Lothian,http://www.bcrc.org.uk/,Scotland
"Edinburgh University",1,Lothian,http://eurc.co.uk,Scotland
"Prestonpans Rifle Club",0,Lothian,http://prestonpansrifleclub.co.uk/,Scotland
"Redcraig Rifle Club",0,Lothian,,Scotland
"Hawick Rifle Club",0,Lothian,,Scotland
"Watsonians Rifle Club",0,Lothian,,Scotland
"Aberdeen Fullbore Gun Club",0,Aberdeenshire,http://www.afbgc.co.uk,Scotland
"Grampian Air Rifle Club",0,Aberdeenshire,https://www.grampian-air-rifle-club.co.uk,Scotland
"Ardeer Rifle and Pistol Club",0,Ayrshire,http://www.ardeer-rifle-and-pistol-club.com,Scotland
"Ayr Small Bore Rifle Club",0,Ayrshire,https://sites.google.com/site/ayrsmallborerifleclub,Scotland
"Dundonald Rifle and Pistol Club",0,Ayrshire,https://www.dundonaldtargetshooting.co.uk,Scotland
"Glengarnock Rifle and Pistol Club",0,Ayrshire,,Scotland
"NATS (Prestwick) Shooting Club",0,Ayrshire,,Scotland
"Stewarton and District Rifle Club",0,Ayrshire,,Scotland
"New Caledonian Air Rifle Club",0,Ayrshire,,Scotland
"Dunfermline Small Bore Rifle Club",0,"Fife and Kinross",http://www.dunfermlinesbrc.co.uk,Scotland
"Kincardine-on-Forth St Andrews Rifle Club",0,"Fife and Kinross",,Scotland
"Kinross & Milnathort Rifle Club",0,"Fife and Kinross",,Scotland
"Kirkcaldy Rifle Club",0,"Fife and Kinross",,Scotland
"Leven & District Rifle Club",0,"Fife and Kinross",,Scotland
"Fife & Kinross Fullbore Rifle Club",0,"Fife and Kinross",https://www.fkbrc.org.uk,Scotland
"Glenrothes Target Shooting Club",0,"Fife and Kinross",http://www.gtsc.co.uk,Scotland
"Sands Rifle Club",0,"Fife and Kinross",,Scotland
"St Andrews Rifle Club",0,"Fife and Kinross",https://www.facebook.com/StARifleClub,Scotland
"University of St Andrews Rifle Club",1,"Fife and Kinross",https://www.st-andrews.ac.uk/sport/sport/clubsport/rifle/,Scotland
"Forfar & District Small Bore Rifle Club",0,Angus,http://www.forfarsbrc.org.uk,Scotland
"Elgin Miniature Rifle Club",0,"Highlands and Islands",https://www.facebook.com/elginminiaturerifleclub,Scotland
"Steeple Rifle Club",0,Angus,,Scotland
"Tayside Airgun Club",0,Angus,http://taysideairgunclub.com,Scotland
"Banff & MacDuff & District Rifle Club",0,"Highlands and Islands",https://www.facebook.com/Banff-Macduff-Rifle-club-621156558056033,Scotland
"Dufftown Rifle Club",0,"Highlands and Islands",,Scotland
"Beauly Rifle Club",0,"Highlands and Islands",,Scotland
"Dingwall Small-bore Rifle Club",0,"Highlands and Islands",,Scotland
"Clachnacuddin Smallbore Rifle Club",0,"Highlands and Islands",https://www.csbrc.co.uk,Scotland
"Orkney Smallbore Rifle & Pistol Club",0,"Highlands and Islands",http://www.orkneysmallbore.com/,Scotland
"Forres Smallbore Rifle & Pistol Club",0,"Highlands and Islands",http://sportinmoray.co.uk/club-details.php?clid=120,Scotland
"Blairgowrie Rifle Club",0,Perthshire,https://www.facebook.com/Blairgowrie-Smallbore-Rifle-Club-617489291703811,Scotland
"Callander Target Shooting Club",0,Perthshire,http://callandertarget.wixsite.com/callandertarget#!,Scotland
"Perth City & County Small-bore Rifle Club",0,Perthshire,http://www.perthcandcsbrc.co.uk,Scotland
"Stanley Rifle Club",0,Perthshire,http://www.stanleyperthshire.co.uk/Introduction/Rifle.htm,Scotland
"Cawdor Rifle and Gun Club",0,"Highlands and Islands",http://cawdorrifleandgunclub.co.uk,Scotland
"West Atholl Rifle Club",0,"Highlands and Islands",http://www.westatholl.org.uk,Scotland
"Forres Rifle & Pistol Club",0,"Highlands and Islands",,Scotland
"Glasgow University Rifle and Sporting Gun Club",1,"Forth and Clyde",https://www.gla.ac.uk/myglasgow/sport/whatson/club/rifle/,Scotland
"Heriot-Watt University Rifle Club",1,Lothian,,Scotland
"ACD Rifle Club",0,Bedfordshire,,England
"Bedford Rifle Club",0,Bedfordshire,http://www.bedfordrifleclub.co.uk,England
"Ex Waterlow Rifle Club",0,Bedfordshire,http://www.ex-waterlowrc.org.uk,England
"Lewsey Centre Rifle and Pistol Club",0,Bedfordshire,http://www.lewseygunclub.org.uk,England
"Luton Rifle and Pistol Club",0,Bedfordshire,https://www.lrpc.org.uk,England
"Phoenix Rifle Club",0,Bedfordshire,http://www.phoenixrifleclub.co.uk,England
"Stotfold Rifle and Pistol Club",0,Bedfordshire,http://www.stotfold-rpc.co.uk,England
"INSYS Target Sports Club",0,Bedfordshire,,England
"High Wycombe & District Rifle & Pistol Club",0,Berkshire,https://www.hwdrpc.co.uk,England
"Maidenhead Rifles",0,Berkshire,,England
"Maidenhead Target Shooting Club",0,Berkshire,http://www.mtsc.club/cms/,England
"Newbury Rifle & Pistol Club",0,Berkshire,http://nrpc.org.uk,England
"Newbury Air Rifle Club",0,Berkshire,http://newburyarc.org.uk/,England
"Old Windsor Rifle and Pistol Club",0,Berkshire,https://www.owrpc.co.uk,England
"Pinewood Rifle Club",0,Berkshire,http://www.pinewoodrifleclub.org.uk,England
"Reading University Rifle & Pistol Club",1,Berkshire,,England
"Wickham and District Rifle Club",0,Berkshire,https://wickham-drc.co.uk,England
"Windsor Rifle Club",0,Berkshire,http://www.windsorrc.co.uk,England
"Aylesbury Rifle Club",0,Buckinghamshire,,England
"Bletchley Rifle Club",0,Buckinghamshire,,England
"Burnham Target Shooting Club",0,Buckinghamshire,http://www.burnhamtargetshootingclub.co.uk,England
"Little Chalfont Rifle Club",0,Buckinghamshire,http://littlechalfont.club,England
"Marlow Rifle & Pistol Club",0,Buckinghamshire,https://www.marlowrifle.com,England
"Milton Keynes Rifle Club",0,Buckinghamshire,,England
"Milton Keynes Air Rifle Club",0,Buckinghamshire,http://www.mkarc.net,England
"Old Tonbridgians",0,Buckinghamshire,,England
"Wendover Rifle Club",0,Buckinghamshire,http://www.wendoverrifleclub.co.uk,England
"Bassingbourn Rifle and Pistol Club",0,Cambridgeshire,http://www.brpc.org.uk,England
"Cambridge 177 Airgun Club",0,Cambridgeshire,https://cambridge177.weebly.com,England
"Cambridge University Smallbore Rifle Club",1,Cambridgeshire,http://cusbc.soc.srcf.net,England
"Cambridge University Rifle Association",1,Cambridgeshire,http://cura.soc.srcf.net,England
"Kimbolton Rifle Club",0,Cambridgeshire,http://kimboltonrifleclub.blogspot.com,England
"Pye Smallbore Club",0,Cambridgeshire,http://www.pye-smallbore.org.uk,England
"Shelford Rifle Club",0,Cambridgeshire,http://www.cambridgeshiresmallbore.co.uk/node/66,England
"Soke Target Sports Club",0,Cambridgeshire,http://www.soke-tsc.co.uk,England
"The Gogs Rifle Club",0,Cambridgeshire,http://www.cambridgeshiresmallbore.co.uk/node/73/,England
"Whittlesey Rifle Club",0,Cambridgeshire,http://www.whittleseyrifleclub.co.uk,England
"Altrincham Rifle & Pistol Club",0,Cheshire,https://www.altrinchamtsc.co.uk,England
"Appleton Rifle Club",0,Cheshire,http://www.appletonrc.co.uk,England
"Crewe Rifle & Pistol Club",0,Cheshire,https://crpc.org.uk,England
"Grange Rifle & Pistol Club",0,Cheshire,http://www.grangeshooting.co.uk,England
"Marple Rifle and Pistol Club",0,Cheshire,http://www.marplerifleandpistolclub.org.uk,England
"Stanlow Rifle Club (Ellesmere Port)",0,Cheshire,,England
"Warrington & District Rifle & Pistol Club",0,Cheshire,https://www.wdrpc.com/,England
"Weston Rifle & Pistol Club",0,Cheshire,,England
"Wilmslow Rifle Club",0,Cheshire,http://wilmslowrifleclub.blogspot.com,England
"Bodmin & St Petroc's Rifle & Pistol Club",0,Cornwall,http://ctsa.org.uk/bodmin-st-petrocs-rifle-pistol-club,England
"City of Truro Rifle Club",0,Cornwall,http://trurorifleclub.weebly.com,England
"Falmouth & Penryn Rifle Club",0,Cornwall,http://ctsa.org.uk/falmouth-penryn-rifle-club,England
"Hayle & District Rifle Club",0,Cornwall,https://ctsa.org.uk/hayle-district-rifle-club/,England
"Helston & District Rifle Club",0,Cornwall,http://helstonanddistrictrc.co.uk/,England
"Holmans Rifle Club",0,Cornwall,https://ctsa.org.uk/holman-rifle-club,England
"Launceston Rifle Club",0,Cornwall,https://ctsa.org.uk/launceston-rifle-pistol-club,England
"Liskeard & District Rifle & Pistol Club",0,Cornwall,http://ctsa.org.uk/liskeard-district-rifle-club,England
"Looe Rifle and Pistol Club",0,Cornwall,http://www.looerifleandpistolclub.bravesites.com/,England
"Newquay Rifle & Pistol Club",1,Cornwall,https://newquayrpc.co.uk,England
"Penzance & St Ives Rifle & Pistol Club",0,Cornwall,https://ctsa.org.uk/penzance-st-ives-rifle-pistol-club,England
"Polperro RBL Rifle Club",0,Cornwall,https://ctsa.org.uk/polperro-royal-british-legion,England
"St Austell Rifle & Pistol Club",0,Cornwall,http://www.staustellrifleandpistolclub.co.uk,England
"St Just in Penwith Rifle Club",0,Cornwall,,England
"Tavistock Miniature Rifle & Pistol Club",0,Devon,https://www.facebook.com/tavistockrifleclub,England
"Torpoint & District Shooting Club",0,Cornwall,,England
"Cornwall Full Bore Pistol Club",0,Cornwall,http://info73251.wixsite.com/cfbpc#!,England
"Cumberland News Rifle Club",0,"Cumbria & Northumbria",http://cnrc.org.uk,England
"Kendal Rifle & Pistol Club",0,"Cumbria & Northumbria",http://www.krpc.co.uk/,England
"Keswick Rifle Club",0,"Cumbria & Northumbria",,England
"Workington Rifle & Pistol Club",0,"Cumbria & Northumbria",http://wrpc.moonfruit.com/,England
"City of Newcastle Rifle Club",0,"Cumbria & Northumbria",http://www.cityofnewcastlerifleclub.org.uk/,England
"Newcastle University Student Rifle Club",1,"Cumbria & Northumbria",https://www.societies.ncl.ac.uk/rifle/about.php,England
"Berwick upon Tweed (RBL) RC",0,"Cumbria & Northumbria",,England
"Felton & District Rifle Club",0,"Cumbria & Northumbria",,England
"Holm rook & District Miniature Rifle club",0,"Cumbria & Northumbria",,England
"17th Buxton Scout Airgun Club",0,Derbyshire,https://en-gb.facebook.com/17th-Buxton-Scout-Troop-161190680632156/,England
"Chesterfield & District Rifle & Pistol Club",0,Derbyshire,http://cdrpc.co.uk,England
"Derby Rifle & Pistol Club (1999)",0,Derbyshire,https://www.drpc1999.club,England
"Stanton Rifle Club",0,Derbyshire,,England
"Swadlincote Rifle & Pistol Club",0,Derbyshire,http://www.swad-rpc.org.uk,England
"Matlock and District Rifle Club",0,Derbyshire,https://www.facebook.com/pages/Matlock-and-District-Rifle-Club/1394650397421049,England
"Ludlow Rifle Club",0,Shropshire,http://shropshireriflepistolassoc.weebly.com/ludlow-rc.html,England
"Market Drayton Rifle Club",0,Shropshire,http://md-rc.co.uk/index.html,England
"Telford Rifle Cub",0,Shropshire,http://www.telfordrifleclub.co.uk,England
"Chipperfield Target Shooting Club",0,Staffordshire,,England
"Leek Shooting Centre",0,Staffordshire,http://www.leekshooting.co.uk,England
"Rugeley Rifle Club",0,Staffordshire,http://www.rugeleyrifleclub.org.uk,England
"B.R.S.A. Crewe",0,Staffordshire,,England
"City of Birmingham Rifle Club",0,Staffordshire,https://cityofbirminghamrifleclub.weebly.com/,England
"City of Stoke Rifle and Pistol Club",0,Staffordshire,,England
"Crewe Rifle and Pistol Club",0,Staffordshire,https://crpc.org.uk,England
"Goodyear Rifle Club",0,Staffordshire,,England
"North Staffordshire Shooting Club",0,Staffordshire,http://www.northstaffsshootingclub.co.uk/,England
"Staffordshire Phoenix Rifle and Pistol Club",0,Staffordshire,http://staffordshirephoenixrifleandpistolclub.co.uk,England
"Sutton Coldfield Rifle and Pistol Club",0,Staffordshire,http://scrapclub.org.uk,England
"Uttoxeter Rifle Club",0,Staffordshire,http://urclub.co.uk,England
"Stafford Post Office Rifle & Pistol Club",0,Staffordshire,http://www.sporpc.co.uk,England
"Millride Field Target Club",0,Staffordshire,http://www.millrideftc.org.uk,England
"Hawkins Air Rifle Club",0,Staffordshire,http://www.hawkinsairrifleclub.btck.co.uk,England
"Cannock Rifle Club",0,Staffordshire,,England
"Blackbrook Country Sports",0,Staffordshire,http://www.blackbrookcountrysports.co.uk,England
"Lichfield Target Shooting Club",0,Staffordshire,,England
"Lucas Wolverhampton Rifle & Pistol Club",0,Staffordshire,,England
"Bampton Rifle Club",0,Devon,,England
"Bideford Rifle Club",0,Devon,https://www.bidefordtargetshootingclub.org,England
"Braunton Shooting Club",0,Devon,http://www.brauntonshootingclub.co.uk,England
"Broadclyst Rifle Club",0,Devon,http://www.broadclystrifleclub.org.uk,England
"Budleigh Farm Target Shooting Club",0,Devon,http://www.budleighfarm.co.uk,England
"Budleigh Salterton Rifle Club",0,Devon,http://devoncsra.org.uk/clubcontact?club=Budlegh%20Salterton,England
"East Devon Field Target Club",0,Devon,,England
"Exeter University Rifle Club",1,Devon,https://www.facebook.com/uoerifleclub,England
"Exmouth Smallbore & Rifle Club",0,Devon,https://www.facebook.com/exmouthgunclub,England
"Fonthill Smallbore Rifle & Pistol Club",0,Devon,http://www.fonthill.org.uk,England
"North Devon Scout Target Club",0,Devon,https://northdevonscouttarget.weebly.com/index.html,England
"Okehampton Smallbore Club",0,Devon,http://okehamptonsmallboreclub.co.uk,England
"Paignton (Torbay) Rifle & Pistol Club",0,Devon,http://prpc.org.uk,England
"Torbay Fullbore Club",0,Devon,http://www.torbayfullbore.co.uk/,England
"Pinhoe Target Shooting Club",0,Devon,https://www.pinhoe-tsc.org.uk,England
"Plympton Rifle Club",0,Devon,,England
"Teign Valley Rifles",0,Devon,https://sites.google.com/site/teignvalleyrifles/home,England
"The Spent Cases Rifle Club",0,Devon,http://www.thespentcases.org.uk,England
"Westland Rifle & Pistol Club",0,Devon,https://sites.google.com/site/westlandriflepistolclub/,England
"Yealmpton & District Rifle Club",0,Devon,http://www.yealmptonrifle.org.uk,England
"Shebbear Shooters",0,Devon,http://www.shebbearshooters.co.uk,England
"Bournemouth Rifle & Pistol Club",0,Dorset,http://bournemouthrifleclub.blogspot.com,England
"Christchurch Gun Club",0,Dorset,https://www.christchurchgunclub.com,England
"Dorchester Rifle & Pistol Club",0,Dorset,http://www.drpc.org.uk,England
"Ferndown Gun Club",0,Dorset,http://www.ferndowngunclub.org,England
"Milborne Rifle Club",0,Dorset,http://www.gwbooth.free-online.co.uk/RifleClub/Index.htm,England
"New Milton Rifle Club",0,Dorset,,England
"Parkstone Gun Club",0,Dorset,http://www.parkstonegunclub.co.uk,England
"Purbeck Gun Club",0,Dorset,,England
"Purbeck Field Target Club",0,Dorset,http://www.southdorsetftc.com,England
"Weymouth Rifle and Pistol Club",0,Dorset,https://wrandpc.webs.com/,England
"Wimborne Rifle Club",0,Dorset,,England
"Witchampton Rifle Club",0,Dorset,,England
"Hurn Rifle and Pistol Club",0,Dorset,http://www.hurnrpc.co.uk,England
"Darlington Rifle & Pistol Club",0,"Durham & Cleveland",http://darlingtonshooting.org.uk.ourssite.com,England
"Durham University Rifle Club",1,"Durham & Cleveland",http://durhamuniversityrifleclub.co.uk,England
"Hurworth Air Gun Club",0,"Durham & Cleveland",http://www.hurworthagc.co.uk,England
"Mayfair Shooting Centre",0,"Durham & Cleveland",http://www.mayfairshootingcentre.co.uk,England
"St Giles Yarner Rifle & Pistol Club",0,"Durham & Cleveland",http://www.yarners.org.uk,England
"Louisa Centre Gun Club",0,"Durham & Cleveland",https://louisacentregunclub.co.uk,England
"South Shields Pistol Club",0,"Durham & Cleveland",,England
"Sunderland Rifle Club",0,"Durham & Cleveland",,England
"Darlington Railway Athletic Rifle Club",0,"Durham & Cleveland",,England
"Tyne & Wear Air Gun Club",0,"Durham & Cleveland",,England
"Consett Historic Rifle Club",0,"Durham & Cleveland",http://www.consetthistoricrifleclub.co.uk/,England
"8th Essex Homeguard Rifle Club",0,Essex,http://www.littleclactonrifleclub.org.uk,England
"Basildon Rifle & Pistol Club",0,Essex,http://www.basildonrifleclub.co.uk,England
"Bishops Stortford (1944) Rifle Club",0,Essex,http://www.bsrc1944.org.uk,England
"Colchester Rifle Club",0,Essex,http://www.colchester-rifle-club.org.uk,England
"Dunmow Rifle & Pistol Club",0,Essex,http://www.dunmowrifles.co.uk,England
"Epping Rifle Club",0,Essex,,England
"Holland on Sea & District Rifle Club",0,Essex,,England
"Little Clacton Rifle Club",0,Essex,http://www.littleclactonrifleclub.org.uk,England
"Roding Rifle & Pistol Club",0,Essex,http://rodingrifleandpistolclub.org,England
"Romford Rifle & Pistol Club",0,Essex,http://www.rrpc.org.uk,England
"South East Essex Pistol & Rifle Club",0,Essex,,England
"Victoria (Prittlewell) Rifle Club (Southend)",0,Essex,,England
"Weeley Rifle Club",0,Essex,http://www.littleclactonrifleclub.org.uk,England
"Epping Forest Pistol Club",0,Essex,https://www.efpc.org.uk,England
"Thames Estuary Gun Club",0,Essex,https://thamesestuarygunclub.webs.com,England
"Benfleet & District Rifle & Pistol Club",0,Essex,http://www.benfleetrifleclub.com,England
"Chelmsford (1944) Rifle Club",0,Essex,https://www.chelmsford1944rifleclub.org.uk,England
"Colne Valley Field Target Club",0,Essex,http://www.colnevalley-airgunclub.co.uk,England
"Maldon And District Air Rifle Club",0,Essex,https://www.facebook.com/MADAirRifleClub,England
"Hollybush Rifle Club",0,Essex,,England
"Iceni Marksmen",0,Essex,http://www.iceni-marksmen.co.uk/,England
"RBL Mersea Island Rifle Club",0,Essex,,England
"Rochford Airgun Club",0,Essex,http://rochfordac.co.uk,England
"Springfield Air Rifle Club",0,Essex,https://www.springfieldarc.com,England
"Star Shooting Club",0,Essex,https://starshootingclub.co.uk,England
"United Glass Rifle & Pistol Club",0,Essex,http://unitedglassrifleandpistolclub.com,England
"11th Gloucester Rifle Club",0,Gloucestershire,,England
"Bristol Aero Memorial Rifle & Pistol Club",0,Gloucestershire,http://bristolaerorifleandpistolclub.btck.co.uk,England
"Broadwell & District Rifle Club",0,Gloucestershire,,England
"Cirencester & District Air Rifle & Pistol Club",0,Gloucestershire,http://www.cadarc.co.uk,England
"Down Hatherley (Gloucester)",0,Gloucestershire,http://www.midland-rifle-league.co.uk/files/DownHatherley.html,England
"Dursley Rifle & Pistol Club",0,Gloucestershire,http://www.dursleyrpc.org.uk,England
"East Bristol Rifle & Pistol Club",0,Gloucestershire,http://www.eastbristolrifleandpistolclub.org.uk,England
"Four by Two Rifle and Pistol Club",0,Gloucestershire,,England
"Glevum Target & Sports Club",0,Gloucestershire,https://www.glevumtsc.co.uk,England
"Greensleeves Shooting Club",0,Gloucestershire,,England
"Homme Green Rifle Club",0,Gloucestershire,,England
"Broadwell & District Rifle Club",0,Gloucestershire,,England
"Innsworth Rifle Club",0,Gloucestershire,,England
"Leonard Stanley Rifle & Pistol Club",0,Gloucestershire,,England
"Pipers Shooting Club",0,Gloucestershire,https://pipers-shooting-club.org.uk/,England
"North Bristol Rifle Club",0,Gloucestershire,http://www.northbristolrifleclub.co.uk,England
"Tewkesbury & District Rifle and Pistol Club",0,Gloucestershire,http://www.tdrpc.co.uk,England
"Long Ashton Target Shooting Centre",0,Gloucestershire,https://www.facebook.com/Long-Ashton-Target-Shooting-Centre-1644219465877922/,England
"Bromyard & District Rifle Club",0,Herefordshire,http://bromyardrifleclub.co.uk,England
"Hereford City Rifle and Pistol Club",0,Herefordshire,http://www.herefordcityrifleandpistolclub.co.uk,England
"Ledbury Rifle and Pistol Club",0,Herefordshire,http://www.ledburyrpc.co.uk,England
"Leominster Rifle and Pistol Club",0,Herefordshire,http://www.leominster-rpc.org.uk,England
"Ross-on-Wye Target Shooting Club",0,Herefordshire,,England
"Golden Valley Rifle Club",0,Herefordshire,,England
"March Rifle Club",0,Cambridgeshire,http://www.cambridgeshiresmallbore.co.uk/node/70,England
"Cheshunt Rifle & Pistol Club",0,Hertfordshire,http://www.cheshuntrpc.co.uk,England
"Dacorum Rifle Club",0,Hertfordshire,http://www.dacorumrifleclub.org.uk,England
"East Barnet Shooting Club",0,Hertfordshire,http://www.ebsc.co.uk,England
"Harpenden Air Weapons Club",0,Hertfordshire,http://www.harpendenairweapons.org.uk,England
"Hemel Hempstead Rifle Club",0,Hertfordshire,http://www.hemelrifleclub.btck.co.uk,England
"North Herts Air Weapons Club (Hitchin)",0,Hertfordshire,https://www.north-herts.gov.uk/north-herts-air-weapons-club,England
"Old Haberdashers Rifle Club",0,Hertfordshire,https://www.oldhabs.com/rifle-shooting,England
"Potters Bar Rifle and Pistol Club",0,Hertfordshire,,England
"Sigma Rifle and Pistol Club",0,Hertfordshire,http://www.sigmarpc.co.uk,England
"Springview Ranges",0,Hertfordshire,https://springviewranges.co.uk,England
"Stevenage Rifle & Pistol Club",0,Hertfordshire,http://stevenage-rpc.co.uk,England
"The North Herts Rifles",0,Hertfordshire,https://www.facebook.com/groups/185140351620153/,England
"Watford & District Rifle Club",0,Hertfordshire,http://www.watfordanddistrict.org.uk,England
"Watford OCA",0,Hertfordshire,http://www.watfordanddistrict.org.uk/oca.htm,England
"Welwyn Phoenix Rifle Club",0,Hertfordshire,http://www.welwynphoenixrc.org.uk,England
"Aldershot Rifle & Pistol Club",0,Hampshire,http://www.aldershotrpc.co.uk,England
"Alton Rifle Club",0,Hampshire,http://www.altonrifleclub.co.uk,England
"Andover Rifle Club",0,Hampshire,http://www.andover-rpc.org.uk,England
"Basingstoke (1945) Rifle Club",0,Hampshire,https://basingstokerifleclub.org.uk/,England
"Basingstoke Air Rifle & Pistol Club",0,Hampshire,http://www.barpc.org.uk,England
"Chandlers Ford Rifle Club",0,Hampshire,http://www.chandlersfordrifleclub.co.uk,England
"Colbury Rifle & Pistol Club",0,Hampshire,http://www.colburyrpc.com/tag/colbury-rifle-and-pistol-club,England
"Fareham Rifle & Pistol Club",0,Hampshire,http://www.farehamrpc.co.uk/,England
"Fort Purbrook Air Rifle Club",0,Hampshire,https://peterashleyactivitycentres.co.uk,England
"Gosport Town Rifle Club",0,Hampshire,https://www.cssc.co.uk/my-region/southern/southern-areas/gosport-fareham/offers/gosport-rifle-and-pistol-club/,England
"Hampshire Scouts Rifle Club",0,Hampshire,http://hampshirescoutrifleclub.org.uk,England
"Havant Rifle & Pistol Club",0,Hampshire,http://www.havant-rpc.org.uk/,England
"Headley Park Rifle & Pistol Club",0,Hampshire,http://www.headleyparkrpc.co.uk,England
"Highfield Rifle & Pistol Club",0,Hampshire,http://www.highfieldrpc.co.uk,England
"Itchen Valley Shooting Club",0,Hampshire,https://www.ivsc.co.uk,England
"Kingsgate Rifle Club",0,Hampshire,,England
"Knightwood Oak Rifle Club",0,Hampshire,http://knightwoodoak-rifleclub.co.uk.ourssite.com,England
"New Milton Rifle Club",0,Hampshire,http://newmilton.net/community/sportsandleisure.html#SHOOTING,England
"Novio Magnum Pistol Club",0,Hampshire,http://www.novio.co.uk/,England
"Portsmouth City Rifle Club",0,Hampshire,http://www.portsmouthcityrifleclub.co.uk,England
"Portsmouth Railway Rifle & Pistol Club",0,Hampshire,,England
"Ringwood & District Rifle Club",0,Hampshire,,England
"Romsey & District Rifle Club",0,Hampshire,,England
"S.E.S.A Portsmouth",0,Hampshire,,England
"Sarisbury Rifle Club",0,Hampshire,https://www.sarisburyrifleclub.org.uk,England
"Solartron Rifle Club",0,Hampshire,,England
"South Hants Rifle & Pistol Club",0,Hampshire,https://www.shrpclub.org,England
"Southampton Rifle Club",0,Hampshire,http://southamptonrifleclub.co.uk/,England
"Southampton University Rifle Club",1,Hampshire,http://www.soton-rifle.org.uk/,England
"West Meon Rifle Club",0,Hampshire,,England
"West Wight Rifle & Pistol Club",0,Hampshire,https://www.iow.gov.uk/SportsDirectory/Club/1025/West-Wight-Rifle-Pistol-Club/,England
"Winchester College Rifle Club",0,Hampshire,http://www.winchestercollege.org/rifle-club,England
"Wyke Manor Rifle Club",0,Hampshire,,England
"Meon Valley Airgun Club",0,Hampshire,http://www.mvac.co.uk,England
"Ashford & District Rifle Club",0,Kent,http://www.adrc.org.uk,England
"Bearsted & Thurnham Rifle Club",0,Kent,,England
"Dartford Rifle Club",0,Kent,,England
"Edenbridge & District Rifle Club",0,Kent,http://www.edenbridgerifleclub.org.uk,England
"Faversham Rifle & Pistol Club",0,Kent,http://favershamrifleandpistolclub.co.uk,England
"Folkestone Rifle Club",0,Kent,,England
"Hildenborough Rifle & Pistol Club",0,Kent,http://www.hrpc.website,England
"Ightham Rifle & Pistol Club",0,Kent,,England
"Lydd Rifle Club",0,Kent,http://www.lyddrifleclub.com,England
"Maidstone Pistol and Rifle Club",0,Kent,http://www.maidstonepistolclub.co.uk,England
"Ramsgate & Dover Rifle Club",0,Kent,,England
"Reeds Target Shooting Club",0,Kent,http://www.reedstargetshootingclub.co.uk,England
"Sidcup and District Rifle Club",0,Kent,http://www.sidcuprc.org/,England
"Sidcup Pistol Club",0,Kent,,England
"Bexley Target Shooting Club",0,Kent,,England
"St Nicholas Rifle & Pistol Club",0,Kent,http://www.snrpc.org.uk,England
"Swalecliffe & District Target Shooting Club",0,Kent,http://www.sanddtsc.org.uk,England
"Tonbridge Rifle & Pistol Club",0,Kent,https://www.tonbridge-rifle-club.co.uk,England
"Tubslake Shooting Club",0,Kent,http://www.tubslake.co.uk,England
"Tunbridge Wells & St Peters Target Shooting Club",0,Kent,http://www.twtsc.org.uk,England
"Westerham Miniature Rifle Club",0,Kent,,England
"Yalding Rifle & Pistol Club",0,Kent,https://yaldingrifleclub.wordpress.com,England
"Preston and District Rifle and Pistol Club",0,Lancashire,http://www.prestonshooters.org.uk,England
"101 Rifle Club",0,Lancashire,http://101rifleclub.org.uk,England
"Ashton-under-Lyne Rifle Club",0,Lancashire,http://www.ashtonrifleclub.co.uk,England
"BAE Systems (Warton)",0,Lancashire,,England
"Blackburn Rifle & Pistol Club",0,Lancashire,http://www.blackburn-rpc.co.uk,England
"Blackpool Fylde Full-bore Pistol & Rifle Club",0,Lancashire,http://fylderifles.org,England
"Blackpool Rifle & Pistol Club",0,Lancashire,http://shootingnorthwest.altervista.org,England
"Bolton and NRP Shooting Club",0,Lancashire,http://www.bnrpsc.co.uk,England
"Burnley Rifle Club",0,Lancashire,https://www.facebook.com/pages/Burnley-Rifle-Club/342226095873385,England
"Bury Rifle Club",0,Lancashire,http://www.buryrifleclub.org.uk,England
"Chadderton Rifle and Pistol Club",0,Lancashire,http://www.chadd-rifle-and-pistol.co.uk,England
"Cheadle Rifle Club",0,Lancashire,http://www.cheadle-rifle-club.org.uk,England
"City of Salford Shooting Club",0,Lancashire,,England
"Colne British Legion Target Club",0,Lancashire,,England
"Dukinfield Airgun Club",0,Lancashire,http://www.dukinfieldagc.org.uk,England
"Lancon (Lancashire Constabulary)",0,Lancashire,,England
"Leyland Motors Rifle Club",0,Lancashire,,England
"Morecambe Rifle & Pistol Club",0,Lancashire,http://morecamberifleclub.co.uk,England
"Southport & District Rifle Club",0,Lancashire,,England
"Tameside Pistol Club",0,Lancashire,https://tamesidepistol.club,England
"Vulcan Rifle Club",0,Lancashire,,England
"Wigan Target Sports Club",0,Lancashire,https://www.wigantsc.org.uk,England
"Rivington Riflemen Airgun Club",0,Lancashire,http://www.rivington-riflemen.eu,England
"Lydgate Rifle and Pistol Club",0,Lancashire,http://www.lydgate.club,England
"Boston Rifle Club",0,Lincolnshire,https://www.lsra.co.uk/boston-rifle-club,England
"Gainsborough Rifle Club",0,Lincolnshire,http://gainsboroughrifle.club,England
"Hemswell Shooting Club",0,Lincolnshire,https://www.hemswellsc.co.uk,England
"Lincoln & District Rifle and Pistol Club",0,Lincolnshire,http://www.lincolnanddistrictrifleandpistolclub.net,England
"Lincoln Centre Rifle Club",0,Lincolnshire,,England
"Lincoln Liberal Target Shooting Club",0,Lincolnshire,,England
"Lincolnshire Shooting Centre",0,Lincolnshire,http://www.lsccomplex.co.uk,England
"Lincs Hunter Field Target Club",0,Lincolnshire,https://lincshftclub.weebly.com,England
"Louth Old Mill Rifle Club",0,Lincolnshire,http://www.lomrc.org.uk,England
"North East Lincolnshire Target Club",0,Lincolnshire,http://www.neltc.org.uk,England
"Reepham Shooting Centre",0,Lincolnshire,http://www.reephamshootingcentre.co.uk,England
"Ruston Bucyrus Rifle Club",0,Lincolnshire,https://www.facebook.com/rbrcrifleclub,England
"Sleaford Smallbore Rifle Club",0,Lincolnshire,https://www.lsra.co.uk/sleaford-small-bore-rifle-club,England
"Springfield Rifle and Pistol Club",0,Lincolnshire,http://www.springfieldrifleandpistolclub.co.uk,England
"Borough of Wandsworth Rifle Club",0,London,http://www.wandsworthrifleclub.org.uk,England
"East Barnet Shooting Club",0,London,http://www.ebsc.co.uk,England
"Imperial College Rifle & Pistol Club",1,London,https://www.union.ic.ac.uk/acc/rpc/,England
"Lloyds TSB Rifle Club",0,London,http://www.ltsbrifleclub.org.uk,England
"Phoenix Air Rifle & Pistol Club (New Cross)",0,London,http://www.phoenixawc.co.uk,England
"Roding Rifle & Pistol Club",0,London,http://rodingrifleandpistolclub.org,England
"Stock Exchange Rifle Club",0,London,http://serc.org.uk,England
"University of London Rifle Club",1,London,https://sites.google.com/site/universityoflondonrifleclub/,England
"Whitgift Veterans Rifle Club (Croydon)",0,London,http://www.wvrc.org.uk,England
"Wimbledon Park Rifle Club",0,London,https://wprc.plexjet.net,England
"Witan Rifle Club (Blackfriars)",0,London,,England
"Northfields (W5) Shooting Club",0,Middlesex,https://www.msbra.co.uk/index.php/clubs/club-list/34:northfields-w5-shooting-club,England
"26th Middlesex Rifle Club",0,Middlesex,https://www.msbra.co.uk/index.php/clubs/club-list/29:26th-middlesex-rifle-club,England
"27th/30th Middlesex Rifle Club",0,Middlesex,https://www.msbra.co.uk/index.php/clubs/club-list/30:27th-30th-middlesex-rifle-club,England
"British Airways Rifle Club",0,Middlesex,http://www.baclubs.com/sports-and-activities/rifle-pistol,England
"Brunel University Target Shooting Club",1,Middlesex,https://brunelstudents.com/sportsclubs/7140/,England
"Cavalier Rifle and Pistol Club",0,Middlesex,http://cavrpc.org,England
"Court Riverside Rifle Club",0,Middlesex,https://www.msbra.co.uk/index.php/clubs/club-list/37:court-riverside-rifle-club,England
"Crouch End Rifle Club",0,Middlesex,,England
"Feltham & District Rifle Club",0,Middlesex,,England
"Hampton Rifle Club",0,Middlesex,http://hamptonrifleclub.x10host.com,England
"Harrow Rifle Club",0,Middlesex,https://www.msbra.co.uk/index.php/clubs/club-list/43:harrow-rifle-club,England
"Hendon Rifle Club",0,Middlesex,http://www.hendonrifleclub.org,England
"Heston & Hounslow",0,Middlesex,http://www.hhrc2012.co.uk,England
"Kodak (Harrow) Rifle Club",0,Middlesex,,England
"New Wembley Rifle Club",0,Middlesex,,England
"Ruislip Rifle Club",0,Middlesex,https://www.ruisliprifleclub.org.uk,England
"Staines Rifle Club",0,Middlesex,,England
"Stanmore Rifle & Pistol Club",0,Middlesex,https://www.msbra.co.uk/index.php/clubs/club-list/46:stanmore-rifle-club,England
"Twickenham Rifle & Pistol Club",0,Middlesex,https://www.twickenhamrpc.co.uk,England
"BBC Rifle Club",0,Middlesex,https://www.msbra.co.uk/index.php/clubs/club-list/36:bbc-rifle-club,England
"Beccles Rifle Club",0,Norfolk,http://www.becclesrifleclub.org.uk,England
"Coltishall & District Rifle Club",0,Norfolk,https://www.ncra.co.uk/coltishall.html,England
"Fakenham Rifle Club",0,Norfolk,https://www.ncra.co.uk/fakenham.html,England
"Greshams Rifle Club",0,Norfolk,https://www.ncra.co.uk/greshams.html,England
"Groves Smallarms Club",0,Norfolk,http://www.grovesmallarms.org,England
"Holt & District Rifle Club",0,Norfolk,,England
"Kings Lynn & St Michael Rifle Club",0,Norfolk,https://www.kingslynnstmichaels.org,England
"Methwold Rifle Club",0,Norfolk,https://www.ncra.co.uk/methwold.html,England
"North Walsham Rifle & Pistol Club",0,Norfolk,https://www.nwrpc.co.uk,England
"Norwich & District Parabellum & Fullbore Club",0,Norfolk,http://www.norwichdistrictgunclub.com,England
"Norwich City Target Club",0,Norfolk,http://www.norwichcitytargetclub.com,England
"Norwich Electricity Rifle Club",0,Norfolk,https://www.ncra.co.uk/norwichelectricity.html,England
"Old Greshamian Rifle Establishment (OGRE)",0,Norfolk,,England
"Smallburgh Rifle & Pistol Club",0,Norfolk,https://horsfordrange.vpweb.co.uk,England
"South Norfolk Air Rifle & Pistol Club",0,Norfolk,http://www.shootability-nfk.co.uk,England
"Wells & District Field Target Club",0,Norfolk,,England
"Winfarthing Rifle Club",0,Norfolk,https://winfarthingrc.weebly.com,England
"Withergate Rifle & Pistol Club",0,Norfolk,https://www.ncra.co.uk/withergate.html,England
"Wymondham Rifle Club",0,Norfolk,http://wymondhamrifleclub.org,England
"Great Yarmouth Rifle and Pistol Club",0,Norfolk,https://gyrpc.co.uk,England
"Corwel Rifle and Pistol Club",0,Northamptonshire,http://www.corwel.co.uk,England
"Hardingstone Rifle Club",0,Northamptonshire,http://www.hardingstonerifleclub.co.uk,England
"Harrowden Rifle Club",0,Northamptonshire,,England
"Kettering & District Rifle Club",0,Northamptonshire,http://ktcsc.org,England
"Nene Valley Rifle Club",0,Northamptonshire,,England
"Northampton Target Shooting Club",0,Northamptonshire,http://www.ntsc-online.org.uk,England
"Oundle Rifle & Pistol Club",0,Northamptonshire,http://orpc.org.uk,England
"Parklands Rifle & Pistol Club",0,Yorkshire,http://www.parklandsclub.co.uk/shooting.html,England
"SATRA Rifle Club",0,Northamptonshire,,England
"Wellingborough & District Rifle Club",0,Northamptonshire,,England
"Silverstone Shooting Centre",0,Northamptonshire,https://www.silverstoneshootingcentre.co.uk,England
"Boots Rifle Club",0,Nottinghamshire,,England
"East Bridgford Rifle & Pistol Club",0,Nottinghamshire,http://www.nottsra.co.uk/ebrc.html,England
"Kimberly & District Rifle and Pistol",0,Nottinghamshire,,England
"Langar Rifle Club",0,Nottinghamshire,http://www.langarrc.org.uk,England
"Long Eaton Rifle Club",0,Nottinghamshire,,England
"Mansfield & District Rifle & Pistol Club",0,Nottinghamshire,http://www.langarrc.org.uk,England
"Nottingham Castle Rifle & Pistol Club",0,Nottinghamshire,,England
"Nottingham City Rifle Club",0,Nottinghamshire,http://nottinghamcrc.co.uk,England
"Notts. & Derbyshire. Vintage Arms Society",0,Nottinghamshire,,England
"Old Nottinghamians Rifle Club",0,Nottinghamshire,,England
"Rolls Royce (Hucknell) Rifle & Pistol Club",0,Nottinghamshire,,England
"Nottingham Royal Ordnance Rifle & Pistol Club",0,Nottinghamshire,http://www.nottingham-rifleclub.co.uk,England
"The Porchester Shooting Club",0,Nottinghamshire,,England
"University of Nottingham Rifle Club",1,Nottinghamshire,,England
"East Midlands Regional Range Club",0,Nottinghamshire,http://www.eastmidlandsregionalrange.org.uk/club/,England
"Castle Field Target Club",0,Nottinghamshire,http://www.castlefieldtarget.co.uk,England
"Nottingham Trent University Shooting Club",1,Nottinghamshire,https://www.facebook.com/NTUShooting,England
"G & A Wardens (Leicester) Rifle Club",0,Leicestershire,,England
"Granby Rifle And Small Arms Club",0,Leicestershire,https://sites.google.com/site/granbyrifle/,England
"Hinckley & District Air Rifle League",0,Leicestershire,https://hinckleyairrifle1.wixsite.com/hadarl,England
"Holwell Rifle Club",0,Leicestershire,http://www.holwellrc.co.uk,England
"Kegworth & Sutton Bonington Rifle Club",0,Leicestershire,https://www.kegworthvillage.com/show_club.php?id=20,England
"Leicester and District Small-bore Rifle and Pistol Club",0,Leicestershire,http://www.leicestershooting.co.uk,England
"Uppingham & District Rifle Club",0,Leicestershire,,England
"Uppingham Veterans Rifle Club",0,Leicestershire,http://www.olduppinghamian.co.uk/societies/uppingham-veterans-rifle-club,England
"Bicester and District Rifle and Pistol Club",0,Oxfordshire,http://bictownrpc.yolasite.com,England
"Chiltern Rifle Club",0,Oxfordshire,https://chilternrifleclub.com,England
"Chinnor Rifle & Pistol Club",0,Oxfordshire,http://www.targetshooters.org,England
"Chipping Norton Rifle and Pistol Club",0,Oxfordshire,https://cnrpc.org,England
"City of Oxford Rifle Club",0,Oxfordshire,,England
"Deddington and District Rifle and Revolver Club",0,Oxfordshire,http://www.ddrrc.net,England
"Harwell Target Shooting Club",0,Oxfordshire,,England
"Henley Trinity Hall Rifle Club",0,Oxfordshire,http://www.henley-rifles.co.uk,England
"High Wycombe & District Rifle & Pistol Club",0,Oxfordshire,https://www.hwdrpc.co.uk,England
"Isis Rifle and Pistol Club",0,Oxfordshire,,England
"Otmoor Field Target Club",0,Oxfordshire,,England
"Oxford University Pistol Club",1,Oxfordshire,http://users.ox.ac.uk/~pistol/,England
"Oxford University Rifle Club",1,Oxfordshire,http://www.ourc.org.uk,England
"R.B.L. Abingdon Rifle Club",0,Oxfordshire,http://www.rblabingdon.org.uk,England
"RAF Brize Norton Shooting Club",0,Oxfordshire,https://www.raf.mod.uk/our-organisation/stations/raf-brize-norton/,England
"Ricochet Rifle Club",0,Oxfordshire,https://ricochetrc.wixsite.com/ricochet-rifle-club,England
"Shrivenham Smallbore Rifle Club",0,Oxfordshire,,England
"The Classic and Historic Firearms Club",0,Oxfordshire,,England
"Wantage Target Shooting Club",0,Oxfordshire,https://www.wantagetargetshootingclub.org.uk/,England
"Wilbury Rifle Club",0,Oxfordshire,,England
"Witney Pistol Club",0,Oxfordshire,http://witneypistolclub.uk,England
"Backwell and District Rifle Club",0,Somerset,,England
"Brislington Rifle Club",0,Somerset,,England
"Bristol and District Rifle and Pistol Club",0,Somerset,http://www.bdrpc.club,England
"Bristol Invicta Rifle Club",0,Somerset,http://www.bristol-invicta-rifle-club.org.uk,England
"Burnham-on-Sea Rifle Club",0,Somerset,https://www.burnhamrifleclub.org.uk,England
"Cheddar Valley Rifle Club",0,Somerset,,England
"City of Wells Rifle Club",0,Somerset,,England
"East Bristol Rifle & Pistol Club",0,Somerset,http://www.eastbristolrifleandpistolclub.org.uk,England
"Frome Smallbore Rifle Club",0,Somerset,http://fromesrc.homestead.com,England
"Ilminster & District Rifle & Pistol Club",0,Somerset,https://www.facebook.com/ilminsterrifleandpistolclub/,England
"Long Ashton & District Rifle Club",0,Somerset,https://www.facebook.com/Long-Ashton-Target-Shooting-Centre-1644219465877922/,England
"Midsomer Norton Target Shooting Club",0,Somerset,http://www.mntsc.co.uk,England
"Minehead Rifle and Pistol Club",0,Somerset,http://mineheadtargetshooting.club,England
"North Bristol Rifle Club",0,Somerset,http://www.northbristolrifleclub.co.uk,England
"Portishead Shooting Club",0,Somerset,https://www.portisheadshootingclub.co.uk,England
"Sedgemoor Target Shooting Club",0,Somerset,http://www.sedgemoortsc.co.uk,England
"Shepton Mallet Rifle & Pistol Club",0,Somerset,http://smrpc.co.uk,England
"Taunton Deane Shooting Association",0,Somerset,http://www.tdsa.info,England
"Taunton Rifle & Pistol Club",0,Somerset,https://www.facebook.com/tauntonrifleclubuk/,England
"Weston Super Mare Rifle Club",0,Somerset,,England
"Williton RBL Target Shooting Club",0,Somerset,http://www.willitonrbltargetshootingclub.org,England
"Beccles Rifle Club",0,Suffolk,http://www.becclesrifleclub.org.uk,England
"Bury St Edmunds Smallbore Rifle Club",0,Suffolk,https://bsesbrifleclub.weebly.com,England
"Felixstowe Rifle Club",0,Suffolk,http://www.felixstowe-rifle-club.co.uk,England
"Framlingham Rifle Club",0,Suffolk,https://framcollege.wordpress.com/tag/framlingham-rifle-club,England
"Hadleigh Rifle Club",0,Suffolk,https://www.facebook.com/HadleighRifleClub,England
Haverhill,0,Suffolk,,England
Hollies,0,Suffolk,,England
"Lake & Elliott",0,Suffolk,,England
"Leiston Rifle Club",0,Suffolk,,England
"Newmarket & District Smallbore Rifle Club",0,Suffolk,http://www.cambridgeshiresmallbore.co.uk/node/39,England
Northcroft,0,Suffolk,,England
"South Essex Water Works",0,Suffolk,,England
"Stowmarket Rifle Club",0,Suffolk,http://www.buryrifleclub.org.uk,England
"Waveney Shooting Club",0,Suffolk,http://waveneyshootingclub.org,England
"West Suffolk Rifle Club",0,Suffolk,,England
Woolpit,0,Suffolk,,England
"10th Btn Suffolk Home Guard Rifle & Pistol Club",0,Suffolk,http://www.10thsuffolkshootingclub.co.uk,England
"5th Sussex Home Guard Rifle Club",0,Sussex,http://www.5thsussexhgrc.org.uk,England
"Aldingbourne & District Target Shooting Club",0,Sussex,https://www.acsc.org.uk/user-groups/aldingbourne-district-target-shooting-club/,England
"Brighton Railway Rifle Club",0,Sussex,http://www.narcbrighton.co.uk,England
"Burgess Hill Target Shooting Club",0,Sussex,,England
"Buxted & District Rifle and Pistol Club",0,Sussex,https://www.buxtedrifleclub.co.uk,England
"Chichester Rifle Club",0,Sussex,https://www.chichesterrifleclub.co.uk,England
"Cuckfield Rifle Club",0,Sussex,http://www.cuckfieldrifleclub.co.uk,England
"Fittleworth Rifle Club",0,Sussex,https://fittleworthrifleclub.org,England
"Ford Air Rifle Ranges",0,Sussex,http://www.fordranges.co.uk,England
"Handcross Rifle Club",0,Sussex,,England
"Hastings & St Leonards Rifle Club",0,Sussex,,England
"Horsham Rifle & Pistol Club",0,Sussex,http://hrpcuk.com,England
"Mayfield Rifle Club",0,Sussex,,England
"Petworth & District Rifle Club",0,Sussex,http://www.bitcloud.org.uk/petworth/,England
"Southwick Rifle Club",0,Sussex,https://www.southwickcommunitycentre.org.uk/southwick-rifle-club.html,England
"Taylors Air Rifle & Pistol",0,Sussex,http://egtsc.co.uk,England
"1066 Target Sports",0,Sussex,https://www.1066ts.co.uk,England
"8th Warwicks (Stratford) Homeguard Rifle Club",0,Warwickshire,http://www.8thwarwicks.org.uk,England
"David Charles Rifle Club",0,Warwickshire,,England
"Exhall Rifle and Pistol Club",0,Warwickshire,,England
"GEC (Coventry) Rifle & Pistol Club",0,Warwickshire,http://thegecrpc.co.uk,England
"Henley-in-Arden Air Rifle and Pistol Club",0,Warwickshire,,England
"Jaguar Rifle Club",0,Warwickshire,http://www.jaguarrifleclub.co.uk,England
"Old Silhillians Rifle Club",0,Warwickshire,http://www.oldsilhilliansrifleclub.org.uk,England
"Rokeby Rifle & Pistol Club",0,Warwickshire,https://www.rokebyrpc.org.uk,England
"Stratford upon Avon District Airgun League",0,Warwickshire,http://www.sagl.co.uk,England
"Warwick Rifle and Pistol Club",0,Warwickshire,,England
"Warwick University Rifle Club",1,Warwickshire,https://www.warwicksu.com/sports/clubs/rifle/,England
"Wedgnock Rifle & Pistol Club",0,Warwickshire,https://www.wedgnock.co.uk,England
"Warwickshire Armourers Rifle and Pistol Club",0,Warwickshire,http://www.warpc.org,England
"Solihull Rifle and Pistol Club",0,Warwickshire,http://www.solihullrifleclub.co.uk,England
"Barbury Field Target Club",0,Wiltshire,,England
"Boscome Down Rifle & Pistol Club",0,Wiltshire,,England
"Box Rifle Club",0,Wiltshire,http://www.boxrifleclub.co.uk,England
"Chippenham Rifle & Pistol Club",0,Wiltshire,https://chippenhamrpc.co.uk,England
"Devizes and District Minature Rifle League",0,Wiltshire,http://22rifles.system64.net,England
"North Wilts Rifle & Pistol Club",0,Wiltshire,http://www.northwiltsrpc.org,England
"Salisbury Rifle & Pistol Club",0,Wiltshire,https://sites.google.com/site/salisburyrpc/,England
"Salisbury Vintage Rifle & Pistol Club",0,Wiltshire,http://www.svrpc.org.uk,England
"Sandleaze Rifle Club",0,Wiltshire,,England
"Tetbury Rifle & Pistol Club",0,Wiltshire,,England
"Trowbridge Rifle Club",0,Wiltshire,,England
"University of Bath Shooting Club",1,Wiltshire,https://www.thesubath.com/shooting/,England
"Wessex Biathlon & Nordic Ski Club",0,Wiltshire,http://www.wessexbiathlon.org,England
"Wessex Rifles",0,Wiltshire,,England
"Great Malvern Wyre Rifle Club",0,Worcestershire,,England
"Kidderminster Rifle Club",0,Worcestershire,,England
"Malvern Rifle & Pistol Club",0,Worcestershire,"",England
"SEECO RPC - Redditch",0,Worcestershire,https://www.facebook.com/SeecoRPC,England
"Stourport-On-Severn Pistol & Rifle Club",0,Worcestershire,http://www.stourportonsevernpistolnrifleclub.co.uk,England
"Worcester Norton Shooting Club",0,Worcestershire,https://www.wnsc.co.uk,England
"Dudley Rifle Club",0,Worcestershire,http://dudleyrifleclub.co.uk,England
"Walton Lions Air Rifle Club",0,Staffordshire,http://www.waltonlions.co.uk,England
"Stourbridge Old Edwardian Club",0,Worcestershire,https://www.oldedclub.org.uk/rifle,England
"Birmingham Shooting Centre",0,Warwickshire,http://birminghamshootingcentre.co.uk,England
"Aireborough Rifle & Revolver Club",0,Yorkshire,http://aireborough.org.uk,England
"Beverley Target Club",0,Yorkshire,https://www.beverleytargetclub.co.uk,England
"Bradford Pistol and Rifle Club",0,Yorkshire,https://www.bradfordpistolandrifleclub.co.uk,England
"Cottingham Rifle & Air Weapons Club",0,Yorkshire,http://www.cottinghamrifleclub.co.uk,England
"Driffield Rifle Club",0,Yorkshire,http://www.driffieldrifleclub.co.uk,England
"Easingwold Rifle Club",0,Yorkshire,http://www.easingwoldrifleclub.co.uk,England
"Goole Social and Shooting Club",0,Yorkshire,,England
"Huddersfield Rifle Club",0,Yorkshire,http://www.hrcweb.co.uk,England
"Ilkley Rifle & Pistol Club",0,Yorkshire,,England
"Keighley Rifle & Pistol Club",0,Yorkshire,,England
"Keighley Target Sports",0,Yorkshire,http://www.keighleytargetsports.com,England
"Leeds Service Rifle Club",0,Yorkshire,,England
"Leeds University Rifle Club",1,Yorkshire,https://www.luu.org.uk/rifle/,England
"Morley & District Rifle Club",0,Yorkshire,http://morleyrifleclub.co.uk,England
"Ossett & District Rifle & Pistol Club",0,Yorkshire,,England
"Ripon Rifle & Pistol Club",0,Yorkshire,,England
"Scarborough District Rifle Club",0,Yorkshire,,England
"Scotton & Farnham Rifle Club",0,Yorkshire,http://harrogateshooting.com,England
"Settle Rifle Club",0,Yorkshire,,England
"Sheffield Rifle Club",0,Yorkshire,http://sheffieldrc.co.uk,England
"South Yorkshire Shooting Club",0,Yorkshire,https://www.southyorkshireshootingclub.co.uk,England
"Wakefield Rifle & Pistol Club",0,Yorkshire,https://www.wrpc.co.uk,England
"Wellington Rifle & Pistol Club",0,Yorkshire,https://www.facebook.com/pages/Wellington-Rifle-and-Pistol-Club,England
"Whitby Rifle Club",0,Yorkshire,http://www.whitbyrifleclub.co.uk,England
"York Jubilee Air Rifle & Pistol Club",0,Yorkshire,http://yorkjubilee.com,England
"York Railway Institute Rifle & Pistol Club",0,Yorkshire,http://www.yorkrifle.club,England
"On Target Rimfire Club",0,Northamptonshire,https://ontargetrange.co.uk,England
"Nottingham Airgun Club",0,Nottinghamshire,,England
"Morris Motors Rifle & Pistol Club",0,Oxfordshire,,England
"Strathern Rifle Club",0,Perthshire,,England
"Rotherham Chantry Rifle, Pistol & Social Club",0,Yorkshire,https://www.rcrpsc.org.uk,England
"Staincross Rifle & Pistol Club",0,Yorkshire,,England
"Alderburgh Rifle Club",0,Suffolk,,England
"Semer Airgun Society",0,Suffolk,,England
"27th London Putney Rifle Club",0,Surrey,,England
"32nd/61st Surrey Home Guard Rifle & Pistol Club",0,Surrey,http://27thlondonputneyrifleclub.blogspot.com,England
"41st County of London",0,Surrey,,England
"Addiscombe Rifle Club",0,Surrey,http://addiscomberifleclub.co.uk,England
"Addlestone Rifle Club",0,Surrey,http://www.addlestonerifleclub.co.uk,England
"Bletchingley Rifle Club",0,Surrey,http://brblrifleclub.blogspot.com,England
"Bookham Rifle Club",0,Surrey,https://www.bookhamrifleclub.org.uk,England
"Bunhill Lodge",0,Surrey,http://www.bunhillrifleclub.co.uk,England
Camberley,0,Surrey,,England
"Carshalton Rifle Club",0,Surrey,http://www.carshaltonrifleclub.co.uk,England
"Caterham & District Rifle Club",0,Surrey,http://caterhamrifle.club,England
"Centurion Target Sports Club",0,Surrey,http://centuriontsc.webeden.co.uk,England
"Chobham & District Rifle Club",0,Surrey,http://www.chobhamrifleclub.org.uk,England
"Croydon Rifle & Pistol Club",0,Surrey,http://croydonrifleandpistolclub.btck.co.uk,England
"Dorking & District Rifle Club",0,Surrey,https://dorkingrifleclub.com,England
"Duppas Rifle Club",0,Surrey,,England
"Epsom Rifle Club",0,Surrey,https://www.surreycommunity.info/epsomrifleclub/,England
"Ewhurst Rifle & Pistol Club",0,Surrey,http://www.ewhurst-rpc.co.uk,England
"Farncombe & Godalming Rifle Club",0,Surrey,https://www.fgrc.org.uk,England
"Gally Hill Shooting Club Ltd",0,Surrey,https://sites.google.com/site/gallyhillsc/,England
"Ham & Petersham Rifle & Pistol Club",0,Surrey,https://www.hprpc.co.uk,England
"Leatherhead Rifle & Pistol Club",0,Surrey,http://www.leatherheadrifleclub.org.uk,England
"Lingfield & Dormansland Rifle Club",0,Surrey,http://www.ldrifleclub.com,England
"London & Middlesex Rifle Association",0,Surrey,https://www.lmra.co.uk,England
"Malden Rifle & Pistol Club",0,Surrey,http://www.bunhillrifleclub.co.uk,England
"Old Johnian Rifle Club",0,Surrey,,England
"Reigate Miniature Rifle & Pistol Club",0,Surrey,https://www.reigateshooting.club/,England
"Riff Raff Rifle Club",0,Surrey,http://www.riffraff.ukpc.net,England
"Surbiton Postal Rifle & Pistol Club",0,Surrey,http://surbitonpostalrifleclub.com,England
"University of Surrey Rifle Club",1,Surrey,http://www.activity.ussu.co.uk/rifle,England
"Wey Valley Rifle & Pistol Club",0,Surrey,http://www.weyvalleyrpc.org.uk,England
"Weybridge Rifle & Pistol Club",0,Surrey,https://weybridgerpc.co.uk,England
"Worplesdon & District Target Shooting Club",0,Surrey,https://www.facebook.com/worplesdontsc,England
"Wotton Rifle Club",0,Surrey,http://www.leatherheadrifleclub.org.uk,England
"Leaping Hart Archery",0,Sussex,,England
"Bowmen of Warminster",0,Wiltshire,https://bowmenofwarminster.weebly.com/,England
"White Rose Sports & Social Club",0,Yorkshire,,England
"Balby Rifle & Revolver Club (2005)",0,Yorkshire,,England
"Fort Airgun Club",0,"North Wales",http://www.fortairgunclub.com,Wales
"Arbroath Smallbore Rifle Club",0,Angus,,Scotland
"Arbroath Area Fullbore Gun Club",0,Angus,https://www.aafbgc.co.uk,Scotland
"Dundee Rifle and Pistol Club",0,Angus,https://www.facebook.com/pages/category/Sports-Team/Dundee-Rifle-and-Pistol-183903899081635/,Scotland
"Angel Skill-At-Arms Club",0,"Southern Scottish Counties",,Scotland
"Balornock Rifle Club",0,"Forth and Clyde",http://www.balornock-rifle-club.co.uk,Scotland
"Wishaw & District Rifle Club",0,"Forth and Clyde","http://www.balornock-rifle-club.co.uk/Members Wanted.htm",Scotland
"Cartside Rifle & Pistol Club",0,"Forth and Clyde",,Scotland
"Cassillis Shooting Club",0,Ayrshire,,Scotland
"Civil Service Shooting Club (Rosyth)",0,"Forth and Clyde",,Scotland
"Claymore Rifle Pistol & Gun Club",0,"Fife and Kinross",https://claymore-gunclub.webs.com,Scotland
"Edinburgh Pistol Club",0,Lothian,,Scotland
"Galloway Small Arms Club",0,"Southern Scottish Counties",http://gallowaysmallarmsclub.co.uk,Scotland
"Tain Rifle and Pistol Club",0,"Highlands and Islands",http://www.tainrpc.co.uk,Scotland
"Vintage Arms Scotland",0,Lothian,https://www.vintagearmsscotland.co.uk,Scotland
"West of Edinburgh Shooting Club",0,Lothian,http://wesc.agurney.com,Scotland
"Aberbargoed Rifle & Pistol Club",0,"South Wales and Monmouthshire",,Wales
"Abergavenny Rifle & Pistol Club",0,"South Wales and Monmouthshire",,Wales
"Aberystwyth Rifle and Pistol Club",0,"South Wales and Monmouthshire",http://www.aber-rifleclub.co.uk,Wales
"Ards and Bangor Club",0,"North Wales",,Wales
"Bangor & District Practical Rifle and Pistol club",0,"North Wales",http://www.bangorrifleclub.org,Wales
"Brecon Rifle Club",0,"South Wales and Monmouthshire",,Wales
"Llangollen Rifle & Pistol Club",0,"North Wales",https://llrpc.weebly.com,Wales
"North Wales Muzzle Loaders Association",0,"North Wales",https://www.nwmla.co.uk,Wales
"Clandeboye, Bangor & District Ulster Special Constabulary Rifle Club",0,,,"Northern Ireland"
"Delta Full Bore Club",0,,,"Northern Ireland"
"Minehill Target & Sporting Club",0,,,"Northern Ireland"
"Ex Services Pistol & Rifle Club",0,,,"Northern Ireland"
"E U Alumni Rifle Club",0,Lothian,http://www.eualumni.org.uk,Scotland
"Strathpeffer Rifle & Pistol Club",0,"Highlands and Islands",http://www.strathrifleclub.co.uk,Scotland
"Scotia Field Target Club",0,"South Wales and Monmouthshire",,Guernsey
"Juniper Green Air Rifle Club",0,Lothian,https://www.jgarc.co.uk,Scotland
"Cloybank Phoenix Air Pistol and Rifle Club",0,Lothian,https://www.cloybank.com/copy-of-airgun-range-club,Scotland
"Rossendale Model Target Club",0,Lancashire,http://www.belltarget.com/east-lancs-league.php,England
"Fulwood Shooting Club",0,Lancashire,http://fulwoodshootingclub.co.uk,England
"East Grinstead Target Shooting Club",0,Sussex,http://egtsc.co.uk,England
"Vauxhall Motors Rifle Club",0,Bedfordshire,,England
"Halesowen Rifle Club",0,Worcestershire,,England
"Uckfield Rifle Club",0,Sussex,,England
"Alnwick & District Rifle & Pistol Club",0,"Cumbria & Northumbria",,England
"Barbican Armoury Gun Club",0,"Durham & Cleveland",http://barbicanarmoury.org.uk,England
"Bishop Auckland & District Gun Club",0,"Durham & Cleveland",http://www.bishopaucklandgunclub.co.uk,England
"Border Pistol, Rifle & Carbine Club",0,"Cumbria & Northumbria",,England
"Durham Constabulary Rifle & Pistol Club",0,"Durham & Cleveland",http://www.psukshooting.org,England
"Hartlepool Rifle Club",0,"Durham & Cleveland",http://www.hartlepoolrifleclub.co.uk,England
"Louisa Centre Gun Club",0,"Durham & Cleveland",https://www.louisacentregunclub.co.uk,England
"St. George Rifle & Pistol Club",0,"Durham & Cleveland",https://stgeorgeclub.wordpress.com,England
"1066 Rifle & Pistol Club",0,Sussex,https://1066rifleandpistolclub.com,England
"Aintree Pistol Club",0,Cheshire,https://www.aintreepistolclub.org.uk,England
"Altcar Rifle Club",0,Lancashire,http://www.altcarrifleclub.org.uk,England
"Blackburn Outdoor Airgun Club",0,Lancashire,http://www.airgunshooter.co.uk,England
"Bolton Rifle & Pistol Club",0,Lancashire,http://www.boltonrifleandpistolclub.webeden.co.uk,England
"Bury & District Muzzle Loaders",0,Lancashire,http://www.bdmlshooting.org.uk,England
"Chester Field Target Club",0,Cheshire,http://www.chester-ftc.co.uk,England
"Carlisle Small Arms Club",0,"Cumbria & Northumbria",https://sites.google.com/site/carlislesmallarmsclub/home,England
"Clyde Valley Pistol Club",0,Ayrshire,http://www.clydevalleypistolclub.org.uk,Scotland
"Fylde Coast Muzzle Loaders Society",0,Lancashire,http://www.fcmls.org.uk,England
"Pennine Shooting Sports Association",0,Yorkshire,http://www.diggleranges.com,England
"Phoenix Shooters Association",0,Cheshire,http://www.phoenixshooters.co.uk,England
"Red Rose Rifle Club",0,Lancashire,http://rrrc.co.uk,England
"Sedbergh Shooting Club",0,"Cumbria & Northumbria",http://sedbergh-shooting-club.com,England
"South West Lancs Pistol club",0,Lancashire,http://www.swlpc.co.uk,England
"Baildon Rifle & Pistol Club",0,Yorkshire,,England
"Brighouse & Huddersfield Rifle & Pistol Club",0,Yorkshire,,England
"Cotton Dale Rifle & Pistol Club",0,Yorkshire,,England
"North Humberside Rifle & Pistol Club",0,Yorkshire,https://nhrpc.co.uk,England
"Offas Dyke Rifle Club",0,Yorkshire,http://www.offasrifleclub.com,England
"Pickering Rifle & Pistol Club",0,Yorkshire,http://www.prandpc.org,England
"Stead Hall Rifle and Pistol Club",0,Yorkshire,http://www.steadhallrpc.co.uk,England
"Tees Valley Target Sports",0,"Durham & Cleveland",http://teesvalleytargetsports.doomby.com,England
"Teesside Rifle & Pistol Club",0,"Durham & Cleveland",http://www.teessideshooters.org.uk,England
"Blakenhall Gun Club",0,Warwickshire,http://www.blakenhallgunclub.co.uk,England
"Boston Pistol Club",0,Lincolnshire,,England
"East Coast Gun Club",0,Lincolnshire,,England
"Epperstone Rifle Club",0,Nottinghamshire,http://epperstonerifleclub.co.uk,England
"Erewash & District Rifle Club",0,Derbyshire,,England
"Killingholme Full Bore Club",0,Lincolnshire,http://www.fullboreclub.com,England
"Mattersey Rifle & Pistol Club",0,Nottinghamshire,http://www.matterseyrapc.org.uk,England
"Robert Gordons University Rifle Club",1,Aberdeenshire,https://www.facebook.com/RGURC,Scotland
"King's College London Rifle & Pistol Club",1,London,https://www.kclsu.org/organisation/7436/,England
"London Practical Shooting Club",0,London,http://lpsc.co.uk,England
"10th Warwickshire Birmingham Home Guard Rifle & Pistol Club",0,Warwickshire,,England
"49th Rifle and Pistol Club",0,Warwickshire,http://www.49th.co.uk,England
"British Western Shooting Society",0,Warwickshire,https://www.bwss.co.uk,England
"North Cotes Butts Shooting Club",0,Lincolnshire,https://northcotesbutts.co.uk,England
"Cannock & Rugeley Black Powder Club",0,Staffordshire,,England
"Coventry & Warwickshire Rifle & Pistol Club",0,Warwickshire,,England
"Greyhound Gun Club",0,Worcestershire,http://www.greyhoundgunclub.co.uk,England
"Bedfordians Rifle Club",0,Bedfordshire,,England
"Bedfordshire County Rifle & Pistol Club",0,Bedfordshire,http://www.bedfordgunclub.co.uk,England
"Bury St Edmunds Pistol Club",0,Suffolk,http://www.bsepc.org.uk,England
"Cambridgeshire Fullbore Shooting Club",0,Cambridgeshire,,England
"Harlow Practical Club Essex",0,Essex,http://www.minirifle.co.uk,England
"Harlow Town Rifle & Pistol Club",0,Essex,http://www.htrpc.co.uk,England
"Isle Target Sports Club",0,Cambridgeshire,https://www.itsc.org.uk,England
"Middlewick Range Association",0,Essex,http://www.middlewickrangeassociation.org.uk,England
"Old Albanian Shooting",0,Bedfordshire,https://oashooting.com,England
"Rustington and District Home Guard Rifle Club",0,Sussex,http://www.rustington-rifleclub.org,England
"Southend Rifle and Pistol Club",0,Essex,http://www.srpc1900.org,England
"21st Kent Home Guard Rifle Club",0,Kent,,England
"Army Target Shooting Club",0,Surrey,http://www.armyshooting.org/atsc.html,England
"Artists Rifle Club",0,Surrey,http://www.artistsrifleclub.com,England
"Balcombe Rifle and Pistol Club",0,Sussex,https://balcombe.community/balcombe-rifle-pistol-club/,England
"Brighton Rifle & Pistol Club",0,Sussex,,England
"British Alpine Rifles",0,Surrey,https://www.britishalpinerifles.org.uk,England
"British Benchrest Club",0,Surrey,http://www.benchrest.co.uk,England
"British Sporting Rifle Club",0,Surrey,https://bsrc.co.uk,England
"British Young Shooters Association",0,Surrey,https://youngshooter.co.uk,England
"Canterbury Airgun Club",0,Kent,http://www.greenfieldsshooting.co.uk/section.php/39/1/canterbury-airgun-club,England
"Canterbury & District Shooting Club",0,Kent,,England
"Cheriton Pistol Club",0,Kent,,England
"Chipstead & District Rifle",0,Surrey,,England
"Cinque Ports Rifle Club",0,Kent,,England
"Cobham Rifle & Pistol Club",0,Surrey,,England
"Crookham Rifle & Pistol Club",0,Hampshire,,England
"Deal and District Rifle Club",0,Kent,http://www.dealrifleclub.co.uk,England
"Dover Pistol Club",0,Kent,,England
"The English Eight Club",0,Surrey,https://www.englisheight.org.uk,England
"The English Twenty Club",0,Surrey,https://englishtwenty.org.uk/,England
"Enigma Shooting Club",0,Surrey,,England
"GB 300m Rifle Club",0,Surrey,http://www.gb300m.com,England
"Ibis Rifle Club",0,Surrey,http://www.ibisrifleclub.co.uk,England
"Kings College School Old Boys Rifle Club",0,Surrey,https://www.oldkingsclub.org.uk/activities/rifle-club,England
"Manydown Rifle Club",0,Surrey,https://www.manydown.com/,England
"Mars and Minerva Rifle Club",0,Surrey,http://www.artistsrifles.com,England
"Newport (IW) & District Rifle Club",0,Hampshire,http://www.newportrc.co.uk,England
"Old Epsomian Rifle Club",0,Surrey,http://www.oerc.org.uk,England
"Old Sergeants Mess Shooting Club",0,Surrey,https://www.osmshootingclub.co.uk,England
"Royal Air Force Target Rifle Club",0,Surrey,http://www.raftrc.org,England
"RAF Small Arms Association",0,Surrey,https://www.rafsportsfederation.uk/sports/,England
"Royal Navy & Royal Marines Rifle Association",0,Surrey,http://www.rnrmra.org,England
"Salvo (Horsham) Rifle Club",0,Sussex,http://salvorifleclub.co.uk,England
"Single Shot Black Powder Cartridge Rifle Club of GB",0,Surrey,http://www.ssbpcrc.co.uk,England
"Thames Valley Gun Club",0,Surrey,https://www.thamesvalleygunclub.org,England
"Waverley District Rifle Club",0,Surrey,http://www.wdrc.club,England
"Woodstock Rifle & Pistol Club",0,Kent,http://www.woodstockrpc.co.uk,England
"Hensall Rifle Club",0,Yorkshire,,England
"Herefordshire Breech-Loading Rifle Association",0,Herefordshire,http://hbra.net,England
"Flight Refuelling Rifle & Pistol Club",0,Hertfordshire,,England
"Red House Purton",0,Wiltshire,http://www.swindon177.co.uk,England
"Brown Jack A & B",0,Wiltshire,http://www.swindon177.co.uk,England
"Rodbourne Cheney Working Mens Club",0,Wiltshire,http://www.swindon177.co.uk,England
"The Gas Club",0,Wiltshire,http://www.swindon177.co.uk,England
"Nalgo & CS",0,Wiltshire,http://www.swindon177.co.uk,England
"VWH (Haydon Wick) Air Rifle Club",0,Wiltshire,https://www.facebook.com/VWHARC,England
"Purton Working Mens Club",0,Wiltshire,http://www.swindon177.co.uk,England
"Lambourn Sports Club",0,Berkshire,http://www.swindon177.co.uk,England
"Supermarine Air Rifle Team",0,Wiltshire,http://www.swindon177.co.uk,England
"Sudbury and District Rifle Club",0,Derbyshire,https://www.facebook.com/Sudbury-and-District-Rifle-Club-SDRC-105718174106301,England
"Rolls Royce Rifle and Pistol Club (Derby)",0,Derbyshire,,England
